latitude;longitude;altitude;slope;dvdone;dvrest;kmdone;kmto;cpnumero;cptype;sumcategory
45.913019;6.7058;577.77;0;0;659;0;22.35;4;real;
45.913156;6.705967;577.83;0;0;659;0.02;22.33;;;
45.913297;6.706125;577.92;0;0;659;0.04;22.31;;;
45.913436;6.706289;578.14;0;0;659;0.06;22.29;;;
45.913578;6.706447;578.04;0;0;659;0.08;22.27;;;
45.913714;6.706617;578.11;1;0;659;0.1;22.25;;;
45.913856;6.706775;578.38;1;0;659;0.12;22.23;;;
45.914136;6.707097;578.84;1;1;658;0.16;22.19;;;
45.914028;6.707294;578.93;1;1;658;0.18;22.17;;;
45.913914;6.707494;579.09;1;1;658;0.2;22.15;;;
45.9138;6.707694;579.26;0;1;658;0.22;22.13;;;
45.913686;6.707894;579.36;0;1;658;0.24;22.11;;;
45.913567;6.708086;579.24;0;1;658;0.26;22.09;;;
45.913319;6.708461;578.77;1;1;658;0.3;22.05;;;
45.913419;6.708656;579.57;1;1;658;0.32;22.03;;;
45.913597;6.708697;579.47;1;2;657;0.34;22.01;;;
45.913772;6.708761;579.53;1;2;657;0.36;21.99;;;
45.913936;6.708864;579.69;1;2;657;0.38;21.97;;;
45.9141;6.708969;579.96;1;2;657;0.4;21.95;;;
45.914264;6.709078;580.12;1;2;657;0.42;21.93;;;
45.914428;6.709186;580.23;1;3;656;0.44;21.91;;;
45.914592;6.709292;580.4;1;3;656;0.46;21.89;;;
45.914756;6.709397;580.59;1;3;656;0.48;21.87;;;
45.914919;6.709506;580.79;1;3;656;0.5;21.85;;;
45.915083;6.709614;581.07;0;3;656;0.52;21.83;;;
45.915244;6.709722;581.38;0;3;656;0.54;21.81;;;
45.915736;6.71005;581.22;1;3;656;0.6;21.75;;;
45.915897;6.710158;581.39;1;3;656;0.62;21.73;;;
45.916061;6.710267;581.55;1;4;655;0.64;21.71;;;
45.916225;6.710375;581.9;1;4;655;0.66;21.69;;;
45.916386;6.710486;582.21;1;4;655;0.68;21.67;;;
45.91655;6.710594;582.51;1;4;655;0.7;21.65;;;
45.916714;6.710703;582.69;1;4;655;0.72;21.63;;;
45.916878;6.710811;582.9;1;5;654;0.74;21.61;;;
45.917039;6.710919;583.07;1;5;654;0.76;21.59;;;
45.917203;6.711028;583.26;1;5;654;0.78;21.57;;;
45.917367;6.711136;583.39;1;5;654;0.8;21.55;;;
45.917531;6.711247;583.56;1;5;654;0.82;21.53;;;
45.917692;6.711356;583.66;1;6;653;0.84;21.51;;;
45.917856;6.711464;583.81;1;6;653;0.86;21.49;;;
45.918019;6.711572;583.87;1;6;653;0.88;21.47;;;
45.918183;6.711681;583.9;1;6;653;0.9;21.45;;;
45.918344;6.711789;583.93;0;6;653;0.92;21.43;;;
45.918508;6.711897;583.89;0;6;653;0.94;21.41;;;
45.918672;6.712;583.87;0;6;653;0.96;21.39;;;
45.918839;6.712106;583.94;0;6;653;0.98;21.37;;;
45.919003;6.712208;584.02;1;6;653;1;21.35;;;
45.919164;6.712322;584.18;1;6;653;1.02;21.33;;;
45.919325;6.712436;584.34;1;7;652;1.04;21.31;;;
45.919486;6.71255;584.57;1;7;652;1.06;21.29;;;
45.919647;6.712664;584.9;1;7;652;1.08;21.27;;;
45.920464;6.713208;586.42;2;9;650;1.18;21.17;;;
45.920628;6.713314;586.74;2;9;650;1.2;21.15;;;
45.920792;6.713417;587.08;1;9;650;1.22;21.13;;;
45.920961;6.713514;587.34;1;10;649;1.24;21.11;;;
45.921122;6.713622;587.59;1;10;649;1.26;21.09;;;
45.921269;6.713744;587.78;1;10;649;1.28;21.07;5;;
45.921417;6.713844;587.9;1;10;649;1.3;21.05;;;
45.921547;6.714019;588.11;1;10;649;1.32;21.03;;;
45.921694;6.714169;588.36;1;11;648;1.34;21.01;;;
45.921844;6.714308;588.5;1;11;648;1.36;20.99;;;
45.921994;6.71445;588.7;1;11;648;1.38;20.97;;;
45.922144;6.714594;588.88;1;11;648;1.4;20.95;;;
45.922292;6.714742;589.07;0;11;648;1.42;20.93;;;
45.922436;6.714894;589.25;0;11;648;1.44;20.91;;;
45.922583;6.715042;589.13;0;11;648;1.46;20.89;;;
45.922736;6.715181;588.88;0;11;648;1.48;20.87;;;
45.922886;6.715322;588.8;1;11;648;1.5;20.85;;;
45.923036;6.715464;588.96;1;11;648;1.52;20.83;;;
45.923186;6.715608;589.11;1;12;647;1.54;20.81;;;
45.923336;6.71575;589.51;1;12;647;1.56;20.79;;;
45.923486;6.715894;589.85;1;12;647;1.58;20.77;;;
45.923631;6.716044;590.13;2;12;647;1.6;20.75;;;
45.923778;6.716194;590.4;2;13;646;1.62;20.73;;;
45.923925;6.716344;590.71;2;13;646;1.64;20.71;;;
45.924072;6.716492;591.01;2;13;646;1.66;20.69;;;
45.924219;6.716642;591.45;2;14;645;1.68;20.67;;;
45.924367;6.716789;591.95;2;14;645;1.7;20.65;;;
45.924514;6.716939;592.36;2;15;644;1.72;20.63;;;
45.924661;6.717086;592.79;2;15;644;1.74;20.61;;;
45.924808;6.717233;593.1;2;15;644;1.76;20.59;;;
45.924956;6.717383;593.54;2;16;643;1.78;20.57;;;
45.925103;6.717531;593.86;2;16;643;1.8;20.55;;;
45.92525;6.717678;594.18;1;16;643;1.82;20.53;;;
45.925397;6.717825;594.54;1;17;642;1.84;20.51;;;
45.925544;6.717972;594.8;1;17;642;1.86;20.49;;;
45.925694;6.718117;595.08;1;17;642;1.88;20.47;;;
45.925842;6.718264;595.23;1;17;642;1.9;20.45;;;
45.925989;6.718411;595.33;1;17;642;1.92;20.43;;;
45.926136;6.718561;595.42;1;18;641;1.94;20.41;;;
45.926283;6.718711;595.53;1;18;641;1.96;20.39;;;
45.926428;6.718861;595.68;1;18;641;1.98;20.37;;;
45.926575;6.719011;595.81;1;18;641;2;20.35;;;
45.926722;6.719161;595.98;1;18;641;2.02;20.33;;;
45.926872;6.7193;596.14;1;19;640;2.04;20.31;;;
45.927028;6.719431;596.32;1;19;640;2.06;20.29;;;
45.927183;6.719558;596.49;1;19;640;2.08;20.27;;;
45.927328;6.719708;596.73;1;19;640;2.1;20.25;;;
45.927408;6.719936;596.93;1;19;640;2.12;20.23;;;
45.927456;6.720183;597.11;1;20;639;2.14;20.21;6;;
45.9275;6.720436;597.27;1;20;639;2.16;20.19;;;
45.927836;6.722703;600.14;1;23;636;2.34;20.01;;;
45.927892;6.72295;600.35;1;23;636;2.36;19.99;;;
45.927944;6.723194;600.5;1;23;636;2.38;19.97;;;
45.928;6.723442;600.71;1;23;636;2.4;19.95;;;
45.928064;6.723667;600.98;1;23;636;2.42;19.93;;;
45.928242;6.723628;601.25;1;24;635;2.44;19.91;;;
45.928414;6.723567;601.52;2;24;635;2.46;19.89;;;
45.928589;6.7235;601.65;3;24;635;2.48;19.87;;;
45.928764;6.723436;601.79;4;25;634;2.5;19.85;;;
45.928942;6.723414;602.3;5;26;633;2.52;19.83;;;
45.929119;6.723372;603.94;6;28;631;2.54;19.81;;;
45.929297;6.723322;605.59;7;29;630;2.56;19.79;;;
45.929472;6.723272;607.12;6;30;629;2.58;19.77;;;
45.929653;6.723253;608.6;6;31;628;2.6;19.75;;;
45.929825;6.723314;610.28;5;32;627;2.62;19.73;;;
45.929972;6.723461;611.59;4;33;626;2.64;19.71;;;
45.930053;6.723686;612.17;5;34;625;2.66;19.69;;;
45.930111;6.723931;612.86;6;35;624;2.68;19.67;;;
45.930169;6.724175;612.92;8;36;623;2.7;19.65;;;
45.930258;6.724392;614.61;9;38;621;2.72;19.63;;;
45.930417;6.724494;617.85;10;41;618;2.74;19.61;;;
45.930583;6.724408;620.91;11;43;616;2.76;19.59;;;
45.930672;6.724194;622.88;11;45;614;2.78;19.57;;;
45.930725;6.723947;624.34;11;47;612;2.8;19.55;;;
45.930764;6.723697;625.78;11;49;610;2.82;19.53;;;
45.930819;6.723453;627.46;11;52;607;2.84;19.51;;;
45.930883;6.723211;630.81;11;54;605;2.86;19.49;;;
45.930933;6.722964;632.82;12;56;603;2.88;19.47;;;
45.930981;6.722714;634.86;12;58;601;2.9;19.45;;;
45.930992;6.722458;635.56;12;61;598;2.92;19.43;;;
45.931;6.7222;637.54;13;64;595;2.94;19.41;;;
45.930997;6.721942;641.54;12;66;593;2.96;19.39;;;
45.930978;6.721686;645.55;11;69;590;2.98;19.37;;;
45.930964;6.721428;648.02;9;71;588;3;19.35;;;
45.93095;6.721172;647.27;7;72;587;3.02;19.33;;;
45.931036;6.720947;650.96;6;73;586;3.04;19.31;;;
45.931117;6.720717;653.83;6;74;585;3.06;19.29;;;
45.931133;6.720467;652.51;8;75;584;3.08;19.27;;;
45.931183;6.720228;652.96;10;76;583;3.1;19.25;;;
45.931267;6.72;653.02;11;79;580;3.12;19.23;;;
45.931433;6.719994;656.94;13;82;577;3.14;19.21;;;
45.931517;6.720214;662.55;14;85;574;3.16;19.19;;;
45.931503;6.720469;665.11;13;88;571;3.18;19.17;;;
45.931506;6.720722;667.21;13;90;569;3.2;19.15;;;
45.931572;6.720964;671.67;12;92;567;3.22;19.13;;;
45.931636;6.721203;673.16;11;95;564;3.24;19.11;;;
45.931708;6.721439;674.99;11;97;562;3.26;19.09;;;
45.931786;6.721672;676.47;11;99;560;3.28;19.07;;;
45.931894;6.721847;678.26;12;101;558;3.3;19.05;;;
45.932067;6.721925;682.89;12;104;555;3.32;19.03;;;
45.932169;6.721786;686.85;12;106;553;3.34;19.01;;;
45.932247;6.721553;687.78;12;108;551;3.36;18.99;;;
45.932328;6.721325;689.25;12;111;548;3.38;18.97;;;
45.932411;6.721094;689.87;12;113;546;3.4;18.95;;;
45.932497;6.720869;690.09;11;115;544;3.42;18.93;;;
45.932656;6.720794;692.73;11;118;541;3.44;18.91;;;
45.9328;6.720942;696.9;11;120;539;3.46;18.89;;;
45.932822;6.721186;699.6;10;122;537;3.48;18.87;;;
45.932808;6.721442;700.46;9;124;535;3.5;18.85;;;
45.932797;6.7217;702.2;8;125;534;3.52;18.83;;;
45.932783;6.721958;703.53;7;126;533;3.54;18.81;;;
45.932767;6.722214;704.29;7;127;532;3.56;18.79;;;
45.932778;6.722469;704.61;8;128;531;3.58;18.77;;;
45.932867;6.722692;706.37;10;130;529;3.6;18.75;;;
45.932997;6.722867;708.15;11;133;526;3.62;18.73;;;
45.933153;6.722997;710.51;12;136;523;3.64;18.71;;;
45.933317;6.723103;712.59;13;138;521;3.66;18.69;;;
45.933483;6.723203;716.06;12;141;518;3.68;18.67;;;
45.93365;6.7233;719.52;11;143;516;3.7;18.65;;;
45.933817;6.723397;723.61;10;145;514;3.72;18.63;;;
45.933961;6.723311;727.46;9;147;512;3.74;18.61;7;;
45.933953;6.723069;728.98;9;148;511;3.76;18.59;;;
45.933867;6.722842;728.14;9;150;509;3.78;18.57;;;
45.933811;6.722603;728.25;9;152;507;3.8;18.55;;;
45.933853;6.722353;730.69;9;154;505;3.82;18.53;;;
45.933933;6.722125;734;9;156;503;3.84;18.51;;;
45.933986;6.721878;735.55;8;157;502;3.86;18.49;;;
45.934017;6.721625;736.97;6;159;500;3.88;18.47;;;
45.934028;6.721367;737.33;4;160;499;3.9;18.45;;;
45.933975;6.721122;736.96;2;160;499;3.92;18.43;;;
45.933903;6.720886;735.38;0;160;499;3.94;18.41;;;
45.933836;6.720647;734.94;0;160;499;3.96;18.39;;;
45.933769;6.720406;737.14;2;160;499;3.98;18.37;;;
45.9337;6.720169;736.61;4;161;498;4;18.35;;;
45.933592;6.719678;742.99;7;164;495;4.04;18.31;;;
45.933436;6.719258;747.4;6;167;492;4.08;18.27;9;;
45.933125;6.719017;742.87;2;168;491;4.12;18.23;;;
45.932961;6.718558;746.34;0;168;491;4.16;18.19;;;
45.932883;6.718325;745.09;0;168;491;4.18;18.17;;;
45.932797;6.7181;744.49;0;168;491;4.2;18.15;;;
45.932717;6.717869;745.25;0;168;491;4.22;18.13;;;
45.932653;6.717628;745.83;0;168;491;4.24;18.11;;;
45.932594;6.717383;744.83;1;168;491;4.26;18.09;;;
45.932525;6.717147;743.85;2;168;491;4.28;18.07;;;
45.932397;6.716969;744.6;3;169;490;4.3;18.05;;;
45.932239;6.71685;746.18;4;170;489;4.32;18.03;;;
45.932081;6.716731;747.36;5;171;488;4.34;18.01;;;
45.931758;6.7165;749.71;3;173;486;4.38;17.97;;;
45.931583;6.716086;751.86;0;174;485;4.42;17.93;;;
45.931589;6.715569;750.18;-3;174;485;4.46;17.89;;;
45.9316;6.715056;748.33;-3;174;485;4.5;17.85;;;
45.931467;6.714586;747.18;-3;174;485;4.54;17.81;;;
45.931222;6.714208;746.07;-3;174;485;4.58;17.77;;;
45.930978;6.713831;744.94;-4;174;485;4.62;17.73;;;
45.930686;6.713531;743.61;-4;174;485;4.66;17.69;;;
45.930519;6.713431;742.17;-5;174;485;4.68;17.67;;;
45.930356;6.713331;741.36;-5;174;485;4.7;17.65;;;
45.9302;6.7132;741.32;-5;174;485;4.72;17.63;;;
45.930053;6.71305;740.14;-6;174;485;4.74;17.61;;;
45.929906;6.712906;739.31;-6;174;485;4.76;17.59;;;
45.92975;6.712775;736.65;-5;174;485;4.78;17.57;;;
45.929592;6.712647;735.11;-4;174;485;4.8;17.55;;;
45.92945;6.712494;732.93;-3;174;485;4.82;17.53;;;
45.929336;6.712294;734.37;-2;174;485;4.84;17.51;;;
45.929131;6.711875;735.1;-3;174;485;4.88;17.47;;;
45.928886;6.711497;732.15;-5;174;485;4.92;17.43;;;
45.9287;6.711056;731.41;-6;174;485;4.96;17.39;;;
45.928544;6.710592;728.22;-4;174;485;5;17.35;;;
45.9284;6.710119;727.63;-2;174;485;5.04;17.31;;;
45.928256;6.709644;725.32;-3;174;485;5.08;17.27;;;
45.928097;6.709183;725.71;-5;174;485;5.12;17.23;;;
45.928011;6.708956;724.73;-6;174;485;5.14;17.21;;;
45.927919;6.708733;724.24;-7;174;485;5.16;17.19;;;
45.927828;6.708514;720.99;-6;174;485;5.18;17.17;;;
45.927733;6.708294;719.99;-5;174;485;5.2;17.15;;;
45.927636;6.708075;719.17;-4;174;485;5.22;17.13;;;
45.927547;6.70785;718.41;-3;174;485;5.24;17.11;;;
45.927478;6.707614;717.87;-2;174;485;5.26;17.09;;;
45.927431;6.707367;718.31;-3;174;485;5.28;17.07;;;
45.927381;6.707117;718.05;-4;174;485;5.3;17.05;;;
45.927328;6.706872;717.77;-5;174;485;5.32;17.03;;;
45.927261;6.706633;716.35;-6;174;485;5.34;17.01;;;
45.927178;6.706403;714.91;-6;174;485;5.36;16.99;;;
45.927086;6.706183;713.36;-7;174;485;5.38;16.97;;;
45.926989;6.705964;711.78;-7;174;485;5.4;16.95;;;
45.926872;6.705769;709.7;-7;174;485;5.42;16.93;10;;
45.926728;6.705617;707.7;-8;174;485;5.44;16.91;;;
45.926586;6.705461;706.22;-7;174;485;5.46;16.89;;;
45.926464;6.705269;704.66;-6;174;485;5.48;16.87;;;
45.926367;6.705056;703.4;-5;174;485;5.5;16.85;;;
45.926289;6.704822;704.31;-3;174;485;5.52;16.83;;;
45.926233;6.704578;703.48;-2;174;485;5.54;16.81;;;
45.926181;6.704331;704.65;-1;174;485;5.56;16.79;;;
45.926081;6.704119;704.37;-2;174;485;5.58;16.77;;;
45.925953;6.703936;702.36;-2;174;485;5.6;16.75;;;
45.925822;6.703758;700.82;-2;174;485;5.62;16.73;;;
45.925717;6.703553;698.36;-3;174;485;5.64;16.71;;;
45.925661;6.703308;699.03;-4;174;485;5.66;16.69;;;
45.925617;6.703061;699.3;-5;174;485;5.68;16.67;;;
45.925561;6.702814;699.12;-6;174;485;5.7;16.65;;;
45.9255;6.702572;697.06;-7;174;485;5.72;16.63;;;
45.925442;6.702328;696.49;-8;174;485;5.74;16.61;;;
45.925383;6.702083;694.04;-8;174;485;5.76;16.59;;;
45.925322;6.701842;693;-7;174;485;5.78;16.57;;;
45.925253;6.701603;690.92;-6;174;485;5.8;16.55;;;
45.925175;6.701369;690.62;-5;174;485;5.82;16.53;;;
45.925122;6.701125;688.46;-4;174;485;5.84;16.51;;;
45.925092;6.700872;689.4;-4;174;485;5.86;16.49;;;
45.925078;6.700614;687.68;-3;174;485;5.88;16.47;;;
45.925069;6.700358;686.7;-3;174;485;5.9;16.45;;;
45.925081;6.7001;685.88;-3;174;485;5.92;16.43;;;
45.925078;6.699844;686.39;-2;174;485;5.94;16.41;;;
45.925017;6.699606;686.71;-2;174;485;5.96;16.39;;;
45.924889;6.699422;685.83;-3;174;485;5.98;16.37;;;
45.924739;6.699281;684.22;-4;174;485;6;16.35;;;
45.924586;6.699147;683.58;-5;174;485;6.02;16.33;;;
45.924433;6.699011;681.5;-6;174;485;6.04;16.31;;;
45.924303;6.698833;680.08;-6;174;485;6.06;16.29;;;
45.924211;6.698614;679.34;-6;174;485;6.08;16.27;;;
45.924139;6.698378;678.18;-6;174;485;6.1;16.25;;;
45.924081;6.698133;677.62;-5;174;485;6.12;16.23;;;
45.924044;6.697883;676.45;-5;174;485;6.14;16.21;;;
45.924039;6.697625;675.73;-4;174;485;6.16;16.19;;;
45.924042;6.697367;674.17;-3;174;485;6.18;16.17;;;
45.924089;6.697136;673.58;-2;174;485;6.2;16.15;;;
45.924189;6.696922;674.58;0;175;484;6.22;16.13;;;
45.924256;6.696683;673.85;1;175;484;6.24;16.11;;;
45.924314;6.696442;674.71;2;175;484;6.26;16.09;;;
45.924367;6.696194;675.58;2;176;483;6.28;16.07;;;
45.924394;6.695942;675.66;2;176;483;6.3;16.05;;;
45.924394;6.695683;676.11;2;177;482;6.32;16.03;;;
45.924361;6.695431;677.04;2;177;482;6.34;16.01;;;
45.924331;6.695175;676.19;2;177;482;6.36;15.99;;;
45.924347;6.694919;676.37;2;178;481;6.38;15.97;;;
45.924394;6.694672;677.9;2;178;481;6.4;15.95;;;
45.924439;6.694422;679.37;1;178;481;6.42;15.93;;;
45.924422;6.694167;680.2;1;179;480;6.44;15.91;;;
45.924358;6.693925;680.96;1;179;480;6.46;15.89;;;
45.924261;6.693711;679.38;2;179;480;6.48;15.87;;;
45.924161;6.693494;679.33;2;179;480;6.5;15.85;;;
45.924097;6.693256;680.34;2;180;479;6.52;15.83;;;
45.924064;6.693003;681.35;3;181;478;6.54;15.81;;;
45.924025;6.69275;681.74;3;181;478;6.56;15.79;;;
45.923983;6.6925;682.07;3;182;477;6.58;15.77;;;
45.923947;6.692247;682.46;3;182;477;6.6;15.75;11;;
45.923911;6.691994;682.14;3;183;476;6.62;15.73;;;
45.923914;6.691736;682.39;3;184;475;6.64;15.71;;;
45.923942;6.691483;683.38;3;184;475;6.66;15.69;;;
45.923975;6.691231;684.71;2;185;474;6.68;15.67;;;
45.923989;6.690972;685.35;2;185;474;6.7;15.65;;;
45.923981;6.690714;686.39;1;185;474;6.72;15.63;;;
45.923947;6.690461;685.9;0;185;474;6.74;15.61;;;
45.923894;6.690217;686.01;0;185;474;6.76;15.59;;;
45.923833;6.689972;684.82;1;185;474;6.78;15.57;;;
45.923775;6.689728;685.32;1;185;474;6.8;15.55;;;
45.923714;6.689486;685.69;1;186;473;6.82;15.53;;;
45.923647;6.689247;685.05;2;186;473;6.84;15.51;;;
45.923581;6.689008;684.69;2;186;473;6.86;15.49;;;
45.923522;6.688764;686.21;2;187;472;6.88;15.47;;;
45.923481;6.688514;687.24;2;187;472;6.9;15.45;;;
45.92345;6.688261;686.91;2;188;471;6.92;15.43;;;
45.923458;6.688003;688.58;2;188;471;6.94;15.41;;;
45.923489;6.68775;688.15;2;188;471;6.96;15.39;;;
45.923517;6.687494;689.2;3;189;470;6.98;15.37;;;
45.923533;6.687239;689.61;3;189;470;7;15.35;;;
45.923542;6.686981;691.29;3;190;469;7.02;15.33;;;
45.923556;6.686722;692.38;4;191;468;7.04;15.31;;;
45.923569;6.686467;693.1;4;192;467;7.06;15.29;;;
45.923569;6.686208;693.69;3;193;466;7.08;15.27;12;chrono;
45.923528;6.686;693.68;2;193;466;7.1;15.25;;;
45.923425;6.685789;693.41;1;193;466;7.12;15.23;;;
45.923308;6.685592;692.73;-1;193;466;7.14;15.21;;;
45.923192;6.685394;691.91;-1;193;466;7.16;15.19;;;
45.923106;6.685172;691.31;-2;193;466;7.18;15.17;;;
45.923067;6.684919;692.49;-3;193;466;7.2;15.15;;;
45.923036;6.684667;692.48;-3;193;466;7.22;15.13;;;
45.922983;6.684419;692.63;-4;193;466;7.24;15.11;;;
45.922919;6.684181;691.48;-4;193;466;7.26;15.09;;;
45.922847;6.683942;689.56;-4;193;466;7.28;15.07;;;
45.922797;6.683694;688.54;-4;193;466;7.3;15.05;;;
45.922789;6.683439;687.73;-4;193;466;7.32;15.03;;;
45.922806;6.683183;685.62;-4;193;466;7.34;15.01;;;
45.922853;6.682933;685.9;-4;193;466;7.36;14.99;;;
45.922956;6.682722;684.9;-5;193;466;7.38;14.97;;;
45.923086;6.682547;684.98;-6;193;466;7.4;14.95;;;
45.923186;6.682336;683.05;-6;193;466;7.42;14.93;;;
45.923194;6.682081;679.94;-7;193;466;7.44;14.91;;;
45.923161;6.681828;679.18;-6;193;466;7.46;14.89;;;
45.923122;6.681575;678.35;-4;193;466;7.48;14.87;;;
45.923078;6.681325;677.79;-2;193;466;7.5;14.85;;;
45.923028;6.681078;677.32;1;194;465;7.52;14.83;;;
45.923011;6.680822;674.25;3;195;464;7.54;14.81;;;
45.923053;6.680572;674.47;3;196;463;7.56;14.79;;;
45.923133;6.680342;678.15;1;197;462;7.58;14.77;;;
45.923211;6.680111;681.38;-2;197;462;7.6;14.75;;;
45.923258;6.679861;682.18;-4;197;462;7.62;14.73;;;
45.923289;6.679608;682.39;-6;197;462;7.64;14.71;;;
45.923303;6.67935;679.26;-7;197;462;7.66;14.69;;;
45.923344;6.6791;676.57;-8;197;462;7.68;14.67;;;
45.923422;6.678869;674.75;-9;197;462;7.7;14.65;;;
45.923506;6.678642;675.12;-10;197;462;7.72;14.63;;;
45.923531;6.678389;669.69;-11;197;462;7.74;14.61;;;
45.923561;6.678136;667.19;-11;197;462;7.76;14.59;;;
45.923628;6.677897;667.93;-10;197;462;7.78;14.57;;;
45.923697;6.677658;663.97;-10;197;462;7.8;14.55;;;
45.923731;6.677406;661.04;-9;197;462;7.82;14.53;;;
45.923711;6.67715;658.55;-8;197;462;7.84;14.51;;;
45.923681;6.676897;656.92;-8;197;462;7.86;14.49;;;
45.923636;6.676647;656.18;-7;197;462;7.88;14.47;;;
45.923589;6.676397;655.84;-6;197;462;7.9;14.45;;;
45.923542;6.67615;655.35;-5;197;462;7.92;14.43;;;
45.923494;6.6759;653.52;-4;197;462;7.94;14.41;;;
45.923458;6.675647;653.27;-3;197;462;7.96;14.39;;;
45.923456;6.675392;652.66;-3;197;462;7.98;14.37;;;
45.923508;6.675144;652.73;-3;197;462;8;14.35;;;
45.923583;6.674911;653.47;-2;197;462;8.02;14.33;;;
45.923631;6.674417;654;-2;197;462;8.06;14.29;;;
45.923561;6.674181;653.49;-3;197;462;8.08;14.27;;;
45.923478;6.67395;651.16;-4;197;462;8.1;14.25;;;
45.923317;6.673494;646.47;-5;197;462;8.14;14.21;;;
45.923306;6.673239;645.05;-5;197;462;8.16;14.19;;;
45.923369;6.673;645.87;-5;197;462;8.18;14.17;;;
45.923672;6.672364;647.69;-6;197;462;8.24;14.11;;;
45.923719;6.672117;644.13;-6;197;462;8.26;14.09;;;
45.923989;6.671456;641.73;-7;197;462;8.32;14.03;;;
45.924056;6.671217;639.48;-7;197;462;8.34;14.01;;;
45.924094;6.670967;634.32;-7;197;462;8.36;13.99;;;
45.924186;6.670467;632.78;-6;197;462;8.4;13.95;;;
45.924244;6.670225;631.14;-6;197;462;8.42;13.93;;;
45.924336;6.670003;631.64;-5;197;462;8.44;13.91;;;
45.924464;6.669525;629.54;-5;197;462;8.48;13.87;;;
45.9245;6.669272;628.04;-5;197;462;8.5;13.85;;;
45.924539;6.669019;627.58;-4;197;462;8.52;13.83;;;
45.924622;6.668519;625.87;-4;197;462;8.56;13.79;;;
45.9247;6.668289;625.11;-4;197;462;8.58;13.77;;;
45.924808;6.668081;623.73;-5;197;462;8.6;13.75;;;
45.925039;6.667683;622.32;-5;197;462;8.64;13.71;;;
45.925139;6.667472;621.2;-5;197;462;8.66;13.69;;;
45.925239;6.667258;619.8;-4;197;462;8.68;13.67;;;
45.925631;6.666758;617.19;-3;197;462;8.74;13.61;;;
45.9258;6.666669;616.63;-3;197;462;8.76;13.59;;;
45.926289;6.666353;615.51;-5;197;462;8.82;13.53;;;
45.926422;6.666181;614.47;-6;197;462;8.84;13.51;;;
45.926508;6.665956;613.29;-6;197;462;8.86;13.49;;;
45.926425;6.665478;609.78;-8;197;462;8.9;13.45;;;
45.926308;6.665281;606.6;-8;197;462;8.92;13.43;;;
45.926219;6.665058;604.55;-9;197;462;8.94;13.41;;;
45.926133;6.664558;601.89;-7;197;462;8.98;13.37;;;
45.926122;6.664303;600.95;-6;197;462;9;13.35;;;
45.926181;6.664058;600.33;-5;197;462;9.02;13.33;;;
45.926383;6.663633;598.97;-3;197;462;9.06;13.29;;;
45.926489;6.663425;598.15;-3;197;462;9.08;13.27;;;
45.926592;6.663214;597.56;-4;197;462;9.1;13.25;;;
45.92675;6.662756;595.47;-4;197;462;9.14;13.21;;;
45.926789;6.662503;594.83;-4;197;462;9.16;13.19;;;
45.926808;6.662247;594.4;-5;197;462;9.18;13.17;;;
45.926803;6.661472;589.96;-8;197;462;9.24;13.11;;;
45.9268;6.661214;588.51;-8;197;462;9.26;13.09;;;
45.926925;6.660481;583.69;-6;197;462;9.32;13.03;;;
45.927036;6.660278;582.82;-5;197;462;9.34;13.01;;;
45.927153;6.660078;582.58;-5;197;462;9.36;12.99;;;
45.927381;6.659683;580.28;-6;197;462;9.4;12.95;;;
45.927492;6.659481;579.36;-6;197;462;9.42;12.93;;;
45.927594;6.659269;578.2;-6;197;462;9.44;12.91;;;
45.927786;6.658833;575.96;-5;197;462;9.48;12.87;;;
45.927908;6.658644;574.54;-5;197;462;9.5;12.85;;;
45.928058;6.6585;574.08;-4;197;462;9.52;12.83;;;
45.928353;6.658203;573.29;-3;197;462;9.56;12.79;;;
45.928494;6.658044;572.86;-4;197;462;9.58;12.77;;;
45.928636;6.657886;572.02;-5;197;462;9.6;12.75;;;
45.928872;6.6575;569.85;-6;197;462;9.64;12.71;;;
45.928953;6.657269;569.02;-6;197;462;9.66;12.69;;;
45.929008;6.657025;567.33;-6;197;462;9.68;12.67;;;
45.929117;6.656267;563.46;-7;197;462;9.74;12.61;;;
45.929153;6.656014;561.98;-7;197;462;9.76;12.59;;;
45.929197;6.65525;559.27;-4;197;462;9.82;12.53;;;
45.929269;6.655044;559.25;-3;197;462;9.84;12.51;13;;
45.929339;6.654814;558.1;-3;197;462;9.86;12.49;;;
45.929614;6.654486;556.76;-3;197;462;9.9;12.45;;;
45.929764;6.654344;556.19;-3;197;462;9.92;12.43;;;
45.929894;6.654175;555.72;-3;197;462;9.94;12.41;;;
45.930197;6.653894;554.62;-3;197;462;9.98;12.37;;;
45.93035;6.653753;554.1;-4;197;462;10;12.35;;;
45.9305;6.653611;553.2;-4;197;462;10.02;12.33;;;
45.930797;6.653322;551.53;-4;197;462;10.06;12.29;;;
45.930944;6.653175;550.84;-4;197;462;10.08;12.27;;;
45.931094;6.653033;549.96;-4;197;462;10.1;12.25;;;
45.9314;6.652758;548.59;-4;197;462;10.14;12.21;;;
45.93155;6.652619;547.94;-4;197;462;10.16;12.19;;;
45.9317;6.652478;547;-4;197;462;10.18;12.17;;;
45.93215;6.65205;545.01;-3;197;462;10.24;12.11;;;
45.932297;6.651903;544.36;-3;197;462;10.26;12.09;;;
45.932444;6.65175;543.97;-2;197;462;10.28;12.07;;;
45.932583;6.651586;543.61;-2;197;462;10.3;12.05;;;
45.932719;6.651419;543.34;-2;197;462;10.32;12.03;;;
45.932856;6.65125;542.98;-1;197;462;10.34;12.01;;;
45.932994;6.651083;542.71;-1;197;462;10.36;11.99;;;
45.933131;6.650919;542.47;-1;197;462;10.38;11.97;;;
45.933269;6.650753;542.37;-1;197;462;10.4;11.95;;;
45.933406;6.650583;542.28;-1;197;462;10.42;11.93;;;
45.933544;6.650422;541.97;-1;197;462;10.44;11.91;;;
45.933686;6.650258;541.97;-1;197;462;10.46;11.89;;;
45.933822;6.650092;541.9;-1;197;462;10.48;11.87;;;
45.933958;6.649925;541.86;-1;197;462;10.5;11.85;;;
45.934094;6.649756;541.76;-1;197;462;10.52;11.83;;;
45.934233;6.649589;541.63;-1;197;462;10.54;11.81;;;
45.934369;6.649425;541.52;-1;197;462;10.56;11.79;;;
45.934508;6.649261;541.36;-1;197;462;10.58;11.77;;;
45.934647;6.649094;541.29;-1;197;462;10.6;11.75;;;
45.934786;6.648931;541.11;0;197;462;10.62;11.73;;;
45.934922;6.648761;541.04;0;197;462;10.64;11.71;;;
45.935058;6.648594;541.06;0;197;462;10.66;11.69;;;
45.935194;6.648428;541.03;0;197;462;10.68;11.67;;;
45.935333;6.648261;540.91;0;197;462;10.7;11.65;;;
45.935469;6.648094;540.76;0;197;462;10.72;11.63;;;
45.935608;6.647928;540.7;0;197;462;10.74;11.61;;;
45.935744;6.647761;540.55;0;197;462;10.76;11.59;;;
45.935883;6.647594;540.5;0;197;462;10.78;11.57;14;;
45.936022;6.647431;540.49;0;197;462;10.8;11.55;;;
45.936161;6.647267;540.38;0;197;462;10.82;11.53;;;
45.936297;6.647097;540.35;0;197;462;10.84;11.51;;;
45.936433;6.646931;540.3;0;197;462;10.86;11.49;;;
45.936572;6.646764;540.22;0;197;462;10.88;11.47;;;
45.936708;6.6466;540.11;0;197;462;10.9;11.45;;;
45.936847;6.646436;539.86;0;197;462;10.92;11.43;;;
45.936986;6.646272;539.88;0;197;462;10.94;11.41;;;
45.937125;6.646106;539.84;0;197;462;10.96;11.39;;;
45.937261;6.645939;539.8;0;197;462;10.98;11.37;;;
45.9374;6.645772;539.79;1;197;462;11;11.35;;;
45.937542;6.645614;539.73;1;197;462;11.02;11.33;;;
45.937686;6.645464;539.8;1;198;461;11.04;11.31;;;
45.937836;6.645319;539.85;2;198;461;11.06;11.29;;;
45.937989;6.645183;540.13;3;198;461;11.08;11.27;;;
45.938142;6.645044;541.09;4;199;460;11.1;11.25;;;
45.938286;6.644894;542.07;5;200;459;11.12;11.23;;;
45.938414;6.644711;543.2;6;201;458;11.14;11.21;;;
45.938519;6.644503;544.54;5;202;457;11.16;11.19;;;
45.9386;6.644275;545.68;3;203;456;11.18;11.17;;;
45.938653;6.644028;546.88;1;204;455;11.2;11.15;;;
45.938669;6.643772;547.73;-2;204;455;11.22;11.13;;;
45.938678;6.643514;541.26;-4;204;455;11.24;11.11;;;
45.938681;6.643256;537.76;-4;204;455;11.26;11.09;;;
45.938681;6.642997;537.7;-2;204;455;11.28;11.07;;;
45.938681;6.642742;541.41;0;205;454;11.3;11.05;;;
45.938681;6.642483;542.39;2;206;453;11.32;11.03;;;
45.938681;6.642225;541.82;4;207;452;11.34;11.01;;;
45.938689;6.641967;546.21;4;208;451;11.36;10.99;;;
45.938719;6.641714;547.83;2;209;450;11.38;10.97;;;
45.938786;6.641475;546.68;-1;209;450;11.4;10.95;;;
45.938897;6.641272;545.64;-3;209;450;11.42;10.93;;;
45.939039;6.641111;544.25;-5;209;450;11.44;10.91;;;
45.939186;6.640967;542.11;-6;209;450;11.46;10.89;;;
45.939336;6.640822;541.69;-5;209;450;11.48;10.87;;;
45.939478;6.640664;541.12;-4;209;450;11.5;10.85;;;
45.939622;6.640694;540.78;-3;209;450;11.52;10.83;;;
45.939764;6.640706;540.08;-2;209;450;11.54;10.81;;;
45.939847;6.640933;539.9;-1;209;450;11.56;10.79;;;
45.9399;6.641181;540.07;0;209;450;11.58;10.77;;;
45.939844;6.641417;540.61;0;209;450;11.6;10.75;;;
45.939694;6.641553;541.15;0;209;450;11.62;10.73;;;
45.939528;6.641653;540.35;1;210;449;11.64;10.71;;;
45.939361;6.64175;541.76;1;210;449;11.66;10.69;;;
45.939194;6.641847;541.88;0;210;449;11.68;10.67;;;
45.939025;6.641936;541.94;0;210;449;11.7;10.65;;;
45.938858;6.642025;541.74;0;210;449;11.72;10.63;;;
45.938689;6.642117;541.66;-1;210;449;11.74;10.61;;;
45.938519;6.642206;541.41;-1;210;449;11.76;10.59;;;
45.93835;6.642294;541.21;-1;210;449;11.78;10.57;;;
45.938181;6.642383;541.08;-1;210;449;11.8;10.55;;;
45.938014;6.642472;540.88;-1;210;449;11.82;10.53;;;
45.937844;6.642561;540.63;-1;210;449;11.84;10.51;;;
45.937678;6.642661;540.43;-1;210;449;11.86;10.49;;;
45.937517;6.642769;540.3;-1;210;449;11.88;10.47;;;
45.937353;6.642878;540.44;-1;210;449;11.9;10.45;;;
45.937189;6.642986;540.41;0;210;449;11.92;10.43;;;
45.937025;6.643097;540.34;0;210;449;11.94;10.41;;;
45.936864;6.643206;540.5;0;210;449;11.96;10.39;;;
45.936697;6.643306;540.35;0;210;449;11.98;10.37;;;
45.936531;6.643403;540.45;1;210;449;12;10.35;;;
45.936364;6.6435;540.64;1;210;449;12.02;10.33;;;
45.936197;6.643597;540.79;1;211;448;12.04;10.31;;;
45.936031;6.643694;540.9;1;211;448;12.06;10.29;;;
45.935864;6.643792;541.08;1;211;448;12.08;10.27;;;
45.935697;6.643889;541.25;1;211;448;12.1;10.25;;;
45.935531;6.643986;541.4;1;211;448;12.12;10.23;;;
45.935364;6.644083;541.54;1;212;447;12.14;10.21;;;
45.935197;6.644181;541.7;1;212;447;12.16;10.19;;;
45.935031;6.644278;541.87;1;212;447;12.18;10.17;;;
45.934864;6.644375;542.03;1;212;447;12.2;10.15;;;
45.934697;6.644472;542.15;1;212;447;12.22;10.13;;;
45.934531;6.644569;542.3;1;213;446;12.24;10.11;;;
45.934364;6.644667;542.47;1;213;446;12.26;10.09;;;
45.934197;6.644764;542.66;1;213;446;12.28;10.07;;;
45.934031;6.644861;542.82;1;213;446;12.3;10.05;;;
45.933864;6.644958;542.94;1;213;446;12.32;10.03;;;
45.933697;6.645056;543.09;1;214;445;12.34;10.01;;;
45.933531;6.645153;543.19;1;214;445;12.36;9.99;;;
45.933364;6.64525;543.28;0;214;445;12.38;9.97;;;
45.933197;6.645347;543.35;0;214;445;12.4;9.95;;;
45.933031;6.645444;543.43;0;214;445;12.42;9.93;;;
45.932864;6.645542;543.51;-1;214;445;12.44;9.91;;;
45.932686;6.645581;543.46;-1;214;445;12.46;9.89;;;
45.932581;6.645417;542.78;-1;214;445;12.48;9.87;;;
45.932528;6.645169;542.75;-1;214;445;12.5;9.85;;;
45.932492;6.644917;542.87;0;214;445;12.52;9.83;;;
45.932458;6.644664;542.84;0;214;445;12.54;9.81;;;
45.932431;6.644408;542.69;0;214;445;12.56;9.79;;;
45.932428;6.644153;542.57;0;214;445;12.58;9.77;;;
45.932531;6.64395;542.44;0;214;445;12.6;9.75;;;
45.932647;6.6438;542.3;0;214;445;12.62;9.73;;;
45.932811;6.6437;542.27;0;214;445;12.64;9.71;;;
45.932958;6.643556;542.11;0;214;445;12.66;9.69;;;
45.932964;6.643319;542.08;0;214;445;12.68;9.67;;;
45.932925;6.643067;542.62;-1;214;445;12.7;9.65;;;
45.932886;6.642817;542.42;-1;214;445;12.72;9.63;;;
45.932847;6.642564;542.33;-1;214;445;12.74;9.61;;;
45.932808;6.642314;542.3;-1;214;445;12.76;9.59;;;
45.932767;6.642061;542.2;-1;214;445;12.78;9.57;;;
45.932728;6.641808;542.1;-1;214;445;12.8;9.55;;;
45.932689;6.641558;542.04;-1;214;445;12.82;9.53;;;
45.932653;6.641306;541.91;-1;214;445;12.84;9.51;;;
45.932614;6.641053;541.74;-1;214;445;12.86;9.49;;;
45.932578;6.6408;541.53;-1;214;445;12.88;9.47;;;
45.932539;6.64055;541.39;-1;214;445;12.9;9.45;;;
45.932503;6.640297;541.26;-1;214;445;12.92;9.43;;;
45.932464;6.640044;540.95;-1;214;445;12.94;9.41;;;
45.932425;6.639792;540.48;-1;214;445;12.96;9.39;;;
45.932386;6.639542;540.26;0;214;445;12.98;9.37;;;
45.93235;6.639289;540.33;1;214;445;13;9.35;;;
45.932311;6.639036;540.49;1;215;444;13.02;9.33;;;
45.932272;6.638786;540.76;2;215;444;13.04;9.31;;;
45.932239;6.638531;541.15;2;215;444;13.06;9.29;;;
45.932211;6.638278;541.73;2;216;443;13.08;9.27;;;
45.932183;6.638022;542.43;2;216;443;13.1;9.25;;;
45.932156;6.637767;543.12;2;217;442;13.12;9.23;;;
45.932128;6.637511;544.03;2;217;442;13.14;9.21;;;
45.932142;6.637258;544.94;2;217;442;13.16;9.19;;;
45.932169;6.637003;544.82;2;218;441;13.18;9.17;;;
45.932222;6.636758;544.64;2;218;441;13.2;9.15;;;
45.932275;6.636511;544.78;1;218;441;13.22;9.13;;;
45.932317;6.636261;544.87;1;219;440;13.24;9.11;;;
45.932361;6.636008;545.05;1;219;440;13.26;9.09;;;
45.932403;6.635758;545.25;1;219;440;13.28;9.07;;;
45.932444;6.635508;545.47;1;219;440;13.3;9.05;;;
45.932489;6.635258;545.73;1;219;440;13.32;9.03;;;
45.932533;6.635008;545.96;1;220;439;13.34;9.01;;;
45.932578;6.634758;546.08;1;220;439;13.36;8.99;;;
45.932619;6.634511;546.29;1;220;439;13.38;8.97;;;
45.932439;6.634483;546.48;1;220;439;13.4;8.95;;;
45.932261;6.634458;546.53;0;220;439;13.42;8.93;;;
45.932081;6.634433;546.58;0;220;439;13.44;8.91;;;
45.931903;6.634408;546.52;0;220;439;13.46;8.89;;;
45.931722;6.634381;546.45;0;220;439;13.48;8.87;;;
45.931564;6.634347;546.5;-1;220;439;13.5;8.85;;;
45.931431;6.634522;546.18;-1;220;439;13.52;8.83;;;
45.9313;6.634697;545.89;-1;220;439;13.54;8.81;;;
45.931169;6.634878;545.64;-1;220;439;13.56;8.79;;;
45.931042;6.635058;545.34;-1;220;439;13.58;8.77;;;
45.930908;6.635228;545.03;-1;220;439;13.6;8.75;;;
45.930772;6.635397;544.82;-1;220;439;13.62;8.73;;;
45.930636;6.635567;544.6;-1;220;439;13.64;8.71;;;
45.9305;6.635736;544.34;-1;220;439;13.66;8.69;;;
45.930364;6.635906;544.16;-1;220;439;13.68;8.67;;;
45.930228;6.636072;543.92;-2;220;439;13.7;8.65;;;
45.930089;6.636236;543.64;-2;220;439;13.72;8.63;;;
45.92995;6.636403;543.34;-2;220;439;13.74;8.61;;;
45.929811;6.636567;542.94;-2;220;439;13.76;8.59;;;
45.929675;6.636733;542.29;-1;220;439;13.78;8.57;;;
45.929536;6.636897;542.18;-1;220;439;13.8;8.55;;;
45.929397;6.637061;541.72;-1;220;439;13.82;8.53;;;
45.929258;6.637225;541.52;0;220;439;13.84;8.51;;;
45.929119;6.637389;541.78;0;220;439;13.86;8.49;;;
45.928978;6.63755;541.87;0;220;439;13.88;8.47;;;
45.928844;6.637722;541.86;0;220;439;13.9;8.45;;;
45.928708;6.637889;541.83;0;220;439;13.92;8.43;;;
45.928569;6.638053;541.87;0;220;439;13.94;8.41;;;
45.928431;6.638219;541.95;0;220;439;13.96;8.39;;;
45.928292;6.638383;542.09;0;220;439;13.98;8.37;;;
45.928153;6.638547;542.1;0;220;439;14;8.35;;;
45.928014;6.638711;542.14;0;220;439;14.02;8.33;;;
45.927875;6.638875;542.2;0;220;439;14.04;8.31;;;
45.927736;6.639039;542.33;0;220;439;14.06;8.29;;;
45.927597;6.639203;542.35;0;220;439;14.08;8.27;;;
45.92745;6.63935;542.38;0;220;439;14.1;8.25;;;
45.9273;6.639492;542.28;0;220;439;14.12;8.23;;;
45.927147;6.639628;542.19;0;220;439;14.14;8.21;;;
45.926994;6.639764;542.09;0;220;439;14.16;8.19;;;
45.926839;6.639894;542.06;0;220;439;14.18;8.17;;;
45.926683;6.640022;542.15;1;220;439;14.2;8.15;;;
45.926525;6.64015;542.41;1;220;439;14.22;8.13;;;
45.926369;6.640278;542.74;1;221;438;14.24;8.11;;;
45.926214;6.640406;543.15;1;221;438;14.26;8.09;;;
45.926056;6.640531;543.51;1;221;438;14.28;8.07;;;
45.9259;6.640658;543.35;1;221;438;14.3;8.05;;;
45.925744;6.640786;543.49;0;221;438;14.32;8.03;;;
45.925586;6.640914;543.44;0;221;438;14.34;8.01;;;
45.925431;6.641042;543.13;0;221;438;14.36;7.99;;;
45.925275;6.641169;543.33;0;221;438;14.38;7.97;;;
45.925119;6.641297;543.36;1;221;438;14.4;7.95;;;
45.924964;6.641425;543.6;1;221;438;14.42;7.93;;;
45.924806;6.641553;543.95;1;222;437;14.44;7.91;;;
45.92465;6.641683;544.2;1;222;437;14.46;7.89;;;
45.924494;6.641811;544.09;1;222;437;14.48;7.87;;;
45.924339;6.641939;544.15;1;222;437;14.5;7.85;;;
45.924183;6.642069;544.46;1;222;437;14.52;7.83;;;
45.924025;6.642194;544.41;1;223;436;14.54;7.81;;;
45.923869;6.642322;544.33;1;223;436;14.56;7.79;;;
45.923714;6.64245;544.17;1;223;436;14.58;7.77;;;
45.923556;6.642578;544.8;1;223;436;14.6;7.75;;;
45.9234;6.642703;545.05;1;223;436;14.62;7.73;;;
45.923244;6.642831;545.22;1;224;435;14.64;7.71;;;
45.923086;6.642958;545.36;1;224;435;14.66;7.69;;;
45.922931;6.643086;545.5;1;224;435;14.68;7.67;;;
45.922775;6.643214;545.65;1;224;435;14.7;7.65;;;
45.922617;6.643342;545.93;0;224;435;14.72;7.63;;;
45.922461;6.643469;546.23;0;224;435;14.74;7.61;;;
45.922306;6.643597;546.1;0;224;435;14.76;7.59;;;
45.92215;6.643725;545.91;0;224;435;14.78;7.57;;;
45.921992;6.643853;545.95;-1;224;435;14.8;7.55;;;
45.921836;6.643981;545.73;-1;224;435;14.82;7.53;;;
45.921681;6.644108;545.69;-1;224;435;14.84;7.51;;;
45.921525;6.644236;545.43;-1;224;435;14.86;7.49;;;
45.921369;6.644364;545.3;0;224;435;14.88;7.47;;;
45.921211;6.644492;545.4;0;224;435;14.9;7.45;;;
45.921056;6.644619;545.53;0;224;435;14.92;7.43;;;
45.920897;6.644747;545.74;1;225;434;14.94;7.41;;;
45.920742;6.644875;545.9;1;225;434;14.96;7.39;;;
45.920586;6.645003;546.13;1;225;434;14.98;7.37;;;
45.920431;6.645131;546.33;1;225;434;15;7.35;;;
45.920272;6.645258;546.4;0;225;434;15.02;7.33;;;
45.920117;6.645386;546.42;0;225;434;15.04;7.31;;;
45.919961;6.645517;546.32;0;225;434;15.06;7.29;;;
45.919806;6.645647;546.31;0;225;434;15.08;7.27;;;
45.91965;6.645772;546.4;1;225;434;15.1;7.25;;;
45.919492;6.645897;546.52;1;225;434;15.12;7.23;;;
45.919336;6.646025;546.64;1;226;433;15.14;7.21;;;
45.919181;6.646153;546.77;1;226;433;15.16;7.19;;;
45.919022;6.646281;547;2;226;433;15.18;7.17;;;
45.918867;6.646408;547.53;2;226;433;15.2;7.15;;;
45.918711;6.646536;547.78;2;227;432;15.22;7.13;;;
45.918556;6.646664;548.25;3;228;431;15.24;7.11;;;
45.9184;6.646794;548.94;3;228;431;15.26;7.09;;;
45.918242;6.646922;549.45;3;229;430;15.28;7.07;;;
45.918086;6.64705;550.03;4;229;430;15.3;7.05;;;
45.917931;6.647178;550.68;4;230;429;15.32;7.03;;;
45.917775;6.647306;551.4;4;231;428;15.34;7.01;;;
45.917617;6.647433;552.15;4;232;427;15.36;6.99;;;
45.917461;6.647558;553.56;3;233;426;15.38;6.97;15;;
45.917303;6.647683;553.84;3;233;426;15.4;6.95;;;
45.917147;6.647814;554.52;2;233;426;15.42;6.93;;;
45.916994;6.64795;555.34;1;234;425;15.44;6.91;;;
45.916844;6.648089;555.36;1;234;425;15.46;6.89;;;
45.916694;6.648231;555.13;1;234;425;15.48;6.87;;;
45.916547;6.648378;555.16;1;234;425;15.5;6.85;;;
45.916403;6.648533;555.18;1;234;425;15.52;6.83;;;
45.916258;6.648686;555.2;1;235;424;15.54;6.81;;;
45.916114;6.648844;555.15;1;235;424;15.56;6.79;;;
45.915975;6.649008;555.38;0;235;424;15.58;6.77;;;
45.915839;6.649172;555.81;-1;235;424;15.6;6.75;;;
45.9157;6.649339;556.12;-1;235;424;15.62;6.73;;;
45.915564;6.649508;556;-2;235;424;15.64;6.71;;;
45.915431;6.649681;555.53;-2;235;424;15.66;6.69;;;
45.915297;6.649856;554.84;-1;235;424;15.68;6.67;;;
45.915164;6.650028;554.12;-1;235;424;15.7;6.65;;;
45.915031;6.6502;553.74;0;235;424;15.72;6.63;;;
45.914897;6.650372;553.84;1;236;423;15.74;6.61;;;
45.914761;6.650544;554.31;1;236;423;15.76;6.59;;;
45.914628;6.650714;554.78;1;236;423;15.78;6.57;;;
45.914494;6.650886;554.99;1;236;423;15.8;6.55;;;
45.914361;6.651061;555;0;236;423;15.82;6.53;;;
45.914228;6.651225;554.83;0;236;423;15.84;6.51;16;;
45.914081;6.651178;555.51;0;236;423;15.86;6.49;;;
45.913919;6.651286;555.45;0;236;423;15.88;6.47;;;
45.913753;6.651381;555.47;0;236;423;15.9;6.45;;;
45.913586;6.651481;555.32;0;236;423;15.92;6.43;;;
45.913428;6.651603;555.12;0;236;423;15.94;6.41;;;
45.913269;6.651725;555.04;0;236;423;15.96;6.39;;;
45.913108;6.651844;555.05;1;236;423;15.98;6.37;;;
45.91295;6.651967;555.15;1;236;423;16;6.35;;;
45.912792;6.652089;555.69;1;237;422;16.02;6.33;;;
45.912633;6.652208;556.15;2;237;422;16.04;6.31;;;
45.912006;6.652714;556.66;0;238;421;16.12;6.23;17;chrono;
45.911847;6.652839;556.26;0;238;421;16.14;6.21;;;
45.911692;6.652964;556.43;1;238;421;16.16;6.19;;;
45.911533;6.653092;556.74;2;238;421;16.18;6.17;;;
45.911375;6.653214;557.35;3;239;420;16.2;6.15;;;
45.911217;6.653333;558.24;4;240;419;16.22;6.13;;;
45.910733;6.653678;561.42;5;243;416;16.28;6.07;;;
45.910572;6.6537;562.84;5;244;415;16.3;6.05;;;
45.910461;6.653558;563.44;5;245;414;16.32;6.03;;;
45.910386;6.653325;563.85;5;246;413;16.34;6.01;;;
45.910394;6.653078;565.45;5;247;412;16.36;5.99;;;
45.9105;6.652878;566.07;5;248;411;16.38;5.97;;;
45.911067;6.652242;570.69;6;253;406;16.46;5.89;;;
45.911192;6.652058;571.6;7;254;405;16.48;5.87;;;
45.911317;6.651872;573.28;7;256;403;16.5;5.85;;;
45.911417;6.651661;574.93;8;257;402;16.52;5.83;;;
45.9115;6.651433;575.86;8;259;400;16.54;5.81;;;
45.911781;6.650492;581.43;6;264;395;16.62;5.73;;;
45.911869;6.650267;582.63;5;265;394;16.64;5.71;;;
45.911969;6.650053;583.76;5;266;393;16.66;5.69;;;
45.912086;6.649856;584.93;5;267;392;16.68;5.67;;;
45.912208;6.649669;586.47;5;268;391;16.7;5.65;;;
45.912339;6.649492;587.79;5;269;390;16.72;5.63;;;
45.912803;6.649117;590.96;7;272;387;16.78;5.57;;;
45.912972;6.649028;591.32;7;274;385;16.8;5.55;;;
45.913114;6.648869;592.82;8;276;383;16.82;5.53;;;
45.91325;6.648703;593.92;9;277;382;16.84;5.51;;;
45.913381;6.648525;596.23;9;279;380;16.86;5.49;;;
45.913492;6.648325;598.37;10;281;378;16.88;5.47;;;
45.913717;6.647397;606.91;10;290;369;16.96;5.39;;;
45.913553;6.647425;610.78;8;292;367;16.98;5.37;;;
45.913458;6.647644;610.17;7;293;366;17;5.35;;;
45.913342;6.647836;609.46;5;294;365;17.02;5.33;;;
45.913169;6.647908;609.95;4;294;365;17.04;5.31;;;
45.912453;6.647903;615.74;4;298;361;17.12;5.23;;;
45.912272;6.647903;616.68;4;298;361;17.14;5.21;;;
45.912094;6.647886;618.37;6;299;360;17.16;5.19;;;
45.911914;6.647872;618.72;9;300;359;17.18;5.17;;;
45.911739;6.647831;620.15;11;302;357;17.2;5.15;;;
45.911658;6.647644;624.68;14;304;355;17.22;5.13;;;
45.912178;6.64745;627.9;15;309;350;17.28;5.07;18;;
45.912339;6.647342;628.53;15;311;348;17.3;5.05;;;
45.912472;6.647181;630.42;15;314;345;17.32;5.03;;;
45.912486;6.646931;633.75;15;316;343;17.34;5.01;;;
45.912358;6.646761;636.4;15;319;340;17.36;4.99;;;
45.912189;6.646675;638.58;15;321;338;17.38;4.97;;;
45.911536;6.646253;648.93;11;330;329;17.46;4.89;;;
45.911386;6.646114;650.45;10;332;327;17.48;4.87;;;
45.911247;6.645947;651.97;10;334;325;17.5;4.85;;;
45.911142;6.645742;653.38;9;336;323;17.52;4.83;;;
45.911058;6.645514;655.35;9;337;322;17.54;4.81;;;
45.9107;6.644633;664.12;15;348;311;17.62;4.73;;;
45.910539;6.644561;667.77;17;351;308;17.64;4.71;;;
45.910425;6.644742;674.46;15;355;304;17.66;4.69;;;
45.910411;6.644997;675.95;14;358;301;17.68;4.67;;;
45.910369;6.645244;677.11;12;360;299;17.7;4.65;;;
45.910286;6.645472;679.19;11;362;297;17.72;4.63;;;
45.909994;6.646117;685.12;9;367;292;17.78;4.57;;;
45.909867;6.646297;687.21;10;369;290;17.8;4.55;;;
45.909719;6.646442;689.39;10;371;288;17.82;4.53;;;
45.909561;6.646569;690.45;10;373;286;17.84;4.51;;;
45.909389;6.646617;692.92;10;375;284;17.86;4.49;19;;
45.909208;6.6466;695.22;10;377;282;17.88;4.47;;;
45.908503;6.646422;704.04;11;386;273;17.96;4.39;;;
45.908336;6.646328;706.46;11;388;271;17.98;4.37;;;
45.908169;6.646236;709.1;10;390;269;18;4.35;;;
45.907992;6.646211;711.89;10;392;267;18.02;4.33;;;
45.907828;6.646306;714.61;10;394;265;18.04;4.31;;;
45.907336;6.646961;721;12;403;256;18.12;4.23;;;
45.907225;6.646781;723.63;13;406;253;18.14;4.21;;;
45.907167;6.646536;725.99;12;408;251;18.16;4.19;;;
45.907111;6.646292;728.45;11;411;248;18.18;4.17;;;
45.907061;6.646044;731.19;11;413;246;18.2;4.15;;;
45.907011;6.645794;734.37;10;415;244;18.22;4.13;;;
45.907111;6.645056;737.98;9;420;239;18.28;4.07;;;
45.907217;6.644844;739.99;8;422;237;18.3;4.05;;;
45.907314;6.644631;741.53;8;423;236;18.32;4.03;;;
45.907369;6.644389;742.56;8;425;234;18.34;4.01;;;
45.907333;6.644139;744.11;9;426;233;18.36;3.99;;;
45.907217;6.64395;746.23;10;428;231;18.38;3.97;;;
45.906542;6.643939;756.31;12;438;221;18.46;3.89;;;
45.906364;6.64395;758.99;11;441;218;18.48;3.87;;;
45.906194;6.643864;761.08;11;443;216;18.5;3.85;;;
45.906028;6.643767;762.88;10;445;214;18.52;3.83;;;
45.905864;6.643664;764.5;9;446;213;18.54;3.81;;;
45.906011;6.642889;768.08;8;453;206;18.62;3.73;;;
45.906042;6.642647;769.19;8;455;204;18.64;3.71;;;
45.905956;6.642422;773.59;7;456;203;18.66;3.69;;;
45.905853;6.642208;778.17;6;458;201;18.68;3.67;;;
45.905886;6.641961;778.36;6;459;200;18.7;3.65;;;
45.906017;6.641792;778.22;5;460;199;18.72;3.63;;;
45.906458;6.641389;780.97;6;462;197;18.78;3.57;;;
45.906561;6.641175;782.86;6;464;195;18.8;3.55;;;
45.906678;6.640983;784.05;7;465;194;18.82;3.53;;;
45.90685;6.640919;783.71;8;467;192;18.84;3.51;20;chrono,summit;2
45.907025;6.640886;783;8;468;191;18.86;3.49;;;
45.907125;6.640686;786.2;8;470;189;18.88;3.47;;;
45.906492;6.640567;798.58;6;476;183;18.96;3.39;;;
45.906347;6.640719;796.73;5;477;182;18.98;3.37;;;
45.906189;6.640839;795.98;5;478;181;19;3.35;;;
45.906017;6.640914;796.09;4;478;181;19.02;3.33;;;
45.905844;6.640986;795.61;3;479;180;19.04;3.31;;;
45.905131;6.641039;802;5;482;177;19.12;3.23;;;
45.904961;6.641125;803.05;6;484;175;19.14;3.21;;;
45.904814;6.641267;804.08;6;485;174;19.16;3.19;;;
45.904694;6.641458;804.04;6;486;173;19.18;3.17;;;
45.904617;6.641686;803.47;5;487;172;19.2;3.15;;;
45.904569;6.641933;804.84;5;488;171;19.22;3.13;;;
45.904392;6.642658;808.77;5;491;168;19.28;3.07;;;
45.904314;6.642892;808.79;6;492;167;19.3;3.05;;;
45.904231;6.643119;811.15;6;493;166;19.32;3.03;;;
45.904189;6.643369;812.4;6;495;164;19.34;3.01;;;
45.904169;6.643625;813.98;6;496;163;19.36;2.99;;;
45.904131;6.643875;815.1;6;497;162;19.38;2.97;;;
45.903719;6.644703;819.58;6;502;157;19.46;2.89;;;
45.903636;6.644925;820.7;6;503;156;19.48;2.87;;;
45.9036;6.645178;821.82;6;504;155;19.5;2.85;;;
45.903581;6.645433;822.95;6;505;154;19.52;2.83;;;
45.903628;6.645678;824.07;6;507;152;19.54;2.81;;;
45.903328;6.646414;828.55;6;511;148;19.62;2.73;;;
45.903153;6.646472;829.67;6;513;146;19.64;2.71;;;
45.902997;6.646594;830.79;6;514;145;19.66;2.69;;;
45.902867;6.646772;831.91;6;515;144;19.68;2.67;;;
45.902747;6.646964;833.03;6;516;143;19.7;2.65;;;
45.902592;6.647086;834.15;6;517;142;19.72;2.63;;;
45.902119;6.647431;837.51;6;521;138;19.78;2.57;;;
45.901994;6.647614;838.63;6;522;137;19.8;2.55;;;
45.901872;6.647803;839.76;6;523;136;19.82;2.53;;;
45.901753;6.647994;840.88;6;525;134;19.84;2.51;;;
45.901631;6.648183;842;6;526;133;19.86;2.49;;;
45.9015;6.648364;843.12;6;527;132;19.88;2.47;;;
45.900986;6.649081;847.6;6;532;127;19.96;2.39;;;
45.900878;6.649286;848.72;6;533;126;19.98;2.37;;;
45.900756;6.649475;849.84;6;534;125;20;2.35;;;
45.900614;6.649633;850.96;6;535;124;20.02;2.33;;;
45.900464;6.649775;852.08;6;537;122;20.04;2.31;;;
45.899953;6.650497;856.57;6;541;118;20.12;2.23;;;
45.899803;6.650639;857.69;6;543;116;20.14;2.21;;;
45.899642;6.650756;858.81;6;544;115;20.16;2.19;;;
45.899469;6.650833;859.93;6;545;114;20.18;2.17;;;
45.899297;6.650897;861.05;6;546;113;20.2;2.15;;;
45.89915;6.651036;862.17;6;547;112;20.22;2.13;;;
45.898778;6.651556;865.53;6;551;108;20.28;2.07;;;
45.898603;6.651564;866.65;6;552;107;20.3;2.05;;;
45.898428;6.651492;867.77;6;553;106;20.32;2.03;;;
45.898267;6.651386;868.89;6;555;104;20.34;2.01;;;
45.898131;6.651219;870.01;6;556;103;20.36;1.99;;;
45.897981;6.651081;871.13;6;557;102;20.38;1.97;;;
45.897281;6.651261;875.62;6;562;97;20.46;1.89;;;
45.897125;6.651386;876.74;6;563;96;20.48;1.87;;;
45.896944;6.651411;877.86;6;564;95;20.5;1.85;;;
45.896778;6.651325;878.98;6;565;94;20.52;1.83;;;
45.896647;6.65115;880.1;6;567;92;20.54;1.81;;;
45.896578;6.650917;881.22;6;568;91;20.56;1.79;;;
45.896594;6.650664;882.34;6;569;90;20.58;1.77;;;
45.896678;6.650439;883.46;6;570;89;20.6;1.75;;;
45.896817;6.650275;884.58;6;571;88;20.62;1.73;;;
45.896958;6.650114;885.7;6;573;86;20.64;1.71;;;
45.897086;6.649933;886.82;6;574;85;20.66;1.69;21;;
45.897194;6.649728;887.94;6;575;84;20.68;1.67;;;
45.897286;6.649506;889.07;6;576;83;20.7;1.65;;;
45.897367;6.649278;890.19;6;577;82;20.72;1.63;;;
45.897444;6.649044;891.31;6;579;80;20.74;1.61;;;
45.897525;6.648814;892.43;6;580;79;20.76;1.59;;;
45.897625;6.6486;893.55;6;581;78;20.78;1.57;;;
45.897744;6.648406;894.67;6;582;77;20.8;1.55;;;
45.897869;6.648222;895.79;6;583;76;20.82;1.53;;;
45.898;6.648044;896.91;6;585;74;20.84;1.51;;;
45.898131;6.647867;897.91;6;586;73;20.86;1.49;;;
45.898264;6.647694;898.64;5;587;72;20.88;1.47;;;
45.898397;6.647522;900.1;5;588;71;20.9;1.45;;;
45.898531;6.64735;901.78;4;589;70;20.92;1.43;;;
45.898678;6.647203;902.59;4;589;70;20.94;1.41;;;
45.898833;6.647272;899.76;4;590;69;20.96;1.39;;;
45.898914;6.647069;901.86;4;591;68;20.98;1.37;;;
45.898903;6.646861;905.19;4;592;67;21;1.35;;;
45.899017;6.646661;906.44;4;593;66;21.02;1.33;;;
45.899139;6.646469;907.63;4;593;66;21.04;1.31;;;
45.899267;6.646292;907.84;4;594;65;21.06;1.29;;;
45.899397;6.646114;908.04;5;595;64;21.08;1.27;;;
45.899525;6.645931;908.24;5;596;63;21.1;1.25;;;
45.899625;6.645719;909.33;6;597;62;21.12;1.23;;;
45.899681;6.645475;909.28;6;599;60;21.14;1.21;;;
45.899689;6.645219;910.72;5;600;59;21.16;1.19;;;
45.899675;6.644961;913.24;4;601;58;21.18;1.17;;;
45.899669;6.644703;914.06;3;601;58;21.2;1.15;;;
45.899692;6.644453;914.41;2;601;58;21.22;1.13;;;
45.899786;6.644236;915.2;1;602;57;21.24;1.11;;;
45.899925;6.644072;915.27;1;602;57;21.26;1.09;;;
45.900075;6.643931;915.33;1;602;57;21.28;1.07;;;
45.900239;6.643822;915.05;1;602;57;21.3;1.05;;;
45.900414;6.643761;915.55;1;602;57;21.32;1.03;;;
45.900592;6.643753;915.51;1;603;56;21.34;1.01;;;
45.900772;6.643761;915.68;3;603;56;21.36;0.99;;;
45.90095;6.643731;915.86;5;603;56;21.38;0.97;;;
45.901111;6.643619;917.54;8;605;54;21.4;0.95;;;
45.901231;6.643431;919.3;10;608;51;21.42;0.93;;;
45.9013;6.643194;922.17;12;610;49;21.44;0.91;;;
45.9013;6.642939;925.09;11;613;46;21.46;0.89;;;
45.901236;6.6427;927.57;9;615;44;21.48;0.87;;;
45.901119;6.642508;930.01;8;616;43;21.5;0.85;;;
45.900969;6.642364;931.43;6;617;42;21.52;0.83;;;
45.900814;6.642233;932.61;5;618;41;21.54;0.81;;;
45.900653;6.642117;933.53;5;619;40;21.56;0.79;;;
45.900489;6.642011;933.76;4;620;39;21.58;0.77;;;
45.900328;6.641903;933.93;4;621;38;21.6;0.75;;;
45.900167;6.641786;933.94;3;621;38;21.62;0.73;;;
45.900022;6.641706;934.22;3;622;37;21.64;0.71;;;
45.899883;6.641625;934.88;4;622;37;21.66;0.69;;;
45.899736;6.641494;935.97;5;623;36;21.68;0.67;;;
45.899567;6.641408;937.59;5;624;35;21.7;0.65;;;
45.899394;6.641342;939.67;6;626;33;21.72;0.63;;;
45.899214;6.641319;941.8;7;627;32;21.74;0.61;;;
45.899039;6.641367;942.64;7;629;30;21.76;0.59;;;
45.898869;6.64145;943.05;8;630;29;21.78;0.57;;;
45.898714;6.641578;944.16;8;632;27;21.8;0.55;;;
45.898561;6.641711;946.17;9;634;25;21.82;0.53;;;
45.898408;6.64185;947.43;9;635;24;21.84;0.51;;;
45.898253;6.641981;950.16;8;637;22;21.86;0.49;;;
45.898097;6.642106;951.62;7;639;20;21.88;0.47;;;
45.897942;6.642239;953.28;5;640;19;21.9;0.45;;;
45.897792;6.642378;953.98;4;640;19;21.92;0.43;;;
45.897639;6.642517;955.08;3;641;18;21.94;0.41;;;
45.897489;6.642661;955;3;641;18;21.96;0.39;;;
45.897336;6.642797;955.87;4;642;17;21.98;0.37;;;
45.897186;6.642933;956.75;4;643;16;22;0.35;;;
45.897033;6.643069;957.43;5;644;15;22.02;0.33;;;
45.896881;6.643211;958.49;5;645;14;22.04;0.31;;;
45.896731;6.643347;959.28;5;646;13;22.06;0.29;;;
45.896575;6.643483;960.62;5;647;12;22.08;0.27;;;
45.896419;6.643531;962.01;6;648;11;22.1;0.25;;;
45.896281;6.643653;963.26;6;649;10;22.12;0.23;;;
45.896117;6.643764;964.31;6;651;8;22.14;0.21;;;
45.895969;6.643908;965.72;6;652;7;22.16;0.19;;;
45.895825;6.644064;966.9;6;653;6;22.18;0.17;;;
45.895686;6.644231;968.47;5;654;5;22.2;0.15;;;
45.895556;6.644403;969.52;5;655;4;22.22;0.13;;;
45.895419;6.644575;970.47;5;656;3;22.24;0.11;;;
45.895286;6.644744;971.16;5;657;2;22.26;0.09;;;
45.895142;6.6449;971.67;5;658;1;22.28;0.07;;;
45.894972;6.644983;972.68;5;658;1;22.3;0.05;;;
45.8948;6.645058;973.1;5;659;0;22.32;0.03;;;
45.894633;6.645131;973.4;5;659;0;22.34;0.01;;;
45.894672;6.645125;973.28;5;659;0;22.35;0;22;arrival;
